Order_ID,Date,Region,Category,Product,Quantity,Sales,Profit
ORD0001,2025-11-24,North,Electronics,Monitor,4,48000,5661.4
ORD0002,2025-02-22,North,Office Supplies,Notebook,1,180,17.27
ORD0003,2025-04-30,North,Furniture,Desk Lamp,4,8800,1376.02
ORD0004,2025-05-23,North,Furniture,Desk Lamp,6,13200,1679.54
ORD0005,2025-04-21,East,Electronics,Laptop,7,315000,30379.16
ORD0006,2025-06-26,East,Electronics,Keyboard,9,16200,1639.77
ORD0007,2025-07-13,North,Clothing,Jacket,10,35000,3944.12
ORD0008,2025-02-05,North,Furniture,Bookshelf,2,14000,3155.66
ORD0009,2025-02-21,West,Clothing,Shoes,6,16800,1808.54
ORD0010,2025-07-01,South,Clothing,Shirt,10,12000,2255.36
ORD0011,2025-10-01,South,Furniture,Desk Lamp,7,15400,1938.72
ORD0012,2025-11-24,South,Clothing,Shirt,4,4800,1054.59
ORD0013,2025-06-11,West,Clothing,Shirt,4,4800,1129.12
ORD0014,2025-10-18,East,Furniture,Desk Lamp,7,15400,3548.1
ORD0015,2025-11-26,West,Furniture,Bookshelf,3,21000,2560.46
ORD0016,2025-10-15,East,Office Supplies,Stapler,6,2100,246.3
ORD0017,2025-03-12,West,Electronics,Laptop,2,90000,9538.47
ORD0018,2025-03-23,West,Electronics,Keyboard,7,12600,2284.39
ORD0019,2025-08-28,East,Electronics,Laptop,9,405000,84097.94
ORD0020,2025-11-25,East,Electronics,Monitor,7,84000,8978.49
ORD0021,2025-01-02,East,Furniture,Chair,5,22500,5019.39
ORD0022,2025-09-17,South,Furniture,Bookshelf,3,21000,3605.58
ORD0023,2025-09-29,North,Clothing,Shoes,1,2800,277.25
ORD0024,2025-07-05,East,Furniture,Chair,4,18000,4126.71
ORD0025,2025-02-10,North,Office Supplies,Notebook,9,1620,340.51
ORD0026,2025-03-07,West,Furniture,Bookshelf,9,63000,14383.76
ORD0027,2025-08-05,South,Furniture,Bookshelf,7,49000,12209.59
ORD0028,2025-11-29,East,Office Supplies,Stapler,2,700,85.5
ORD0029,2025-02-02,East,Electronics,Headphones,10,25000,2935.92
ORD0030,2025-02-06,North,Furniture,Chair,1,4500,1017.62
ORD0031,2025-02-06,South,Clothing,Shoes,4,11200,1922.7
ORD0032,2025-10-20,West,Furniture,Desk Lamp,7,15400,1730.49
ORD0033,2025-02-19,West,Clothing,Shoes,7,19600,3124.13
ORD0034,2025-01-28,North,Electronics,Keyboard,6,10800,2333.89
ORD0035,2025-02-25,South,Furniture,Table,9,81000,12657.41
ORD0036,2025-08-05,South,Clothing,Shoes,4,11200,2561.02
ORD0037,2025-02-08,West,Electronics,Laptop,9,405000,89960.5
ORD0038,2025-02-17,South,Furniture,Desk Lamp,8,17600,2848.22
ORD0039,2025-07-25,North,Furniture,Desk Lamp,1,2200,544.51
ORD0040,2025-05-16,West,Clothing,Shoes,9,25200,4851.46
ORD0041,2025-09-07,South,Furniture,Bookshelf,4,28000,6851.06
ORD0042,2025-10-24,North,Clothing,Shirt,1,1200,215.17
ORD0043,2025-09-15,South,Electronics,Laptop,3,135000,12372.56
ORD0044,2025-02-04,South,Office Supplies,Notebook,10,1800,219.34
ORD0045,2025-11-01,North,Electronics,Keyboard,10,18000,3169.59
ORD0046,2025-06-11,East,Furniture,Bookshelf,4,28000,3504.33
ORD0047,2025-03-09,East,Office Supplies,Printer,2,30000,2447.51
ORD0048,2025-11-15,North,Electronics,Headphones,9,22500,2814.39
ORD0049,2025-06-28,North,Furniture,Bookshelf,5,35000,3738.59
ORD0050,2025-10-06,East,Electronics,Monitor,2,24000,5750.83
ORD0051,2025-03-10,East,Electronics,Laptop,9,405000,43102.59
ORD0052,2025-05-25,South,Clothing,Jeans,5,11000,1825.11
ORD0053,2025-05-09,North,Electronics,Keyboard,5,9000,787.45
ORD0054,2025-06-20,South,Clothing,Jeans,8,17600,3058.63
ORD0055,2025-08-07,North,Electronics,Laptop,3,135000,23321.3
ORD0056,2025-07-09,South,Office Supplies,Pen Set,1,250,33.1
ORD0057,2025-01-21,East,Furniture,Table,2,18000,2522.26
ORD0058,2025-10-14,West,Furniture,Table,3,27000,6640.79
ORD0059,2025-04-01,West,Electronics,Headphones,6,15000,3195.09
ORD0060,2025-07-30,South,Clothing,Jeans,2,4400,638.14
ORD0061,2025-01-20,West,Furniture,Table,8,72000,10039.82
ORD0062,2025-04-27,South,Electronics,Headphones,7,17500,2376.58
ORD0063,2025-02-05,East,Clothing,Shoes,9,25200,3434.65
ORD0064,2025-01-15,North,Clothing,Jeans,10,22000,5359.88
ORD0065,2025-05-16,North,Electronics,Keyboard,6,10800,2201.61
ORD0066,2025-06-10,West,Electronics,Keyboard,10,18000,2021.64
ORD0067,2025-01-23,West,Electronics,Headphones,6,15000,2299.81
ORD0068,2025-12-07,East,Clothing,Shirt,5,6000,997.26
ORD0069,2025-12-08,West,Clothing,Shoes,5,14000,2439.5
ORD0070,2025-04-09,West,Office Supplies,Pen Set,10,2500,441.87
ORD0071,2025-07-27,North,Clothing,Jacket,4,14000,2143.13
ORD0072,2025-10-24,East,Office Supplies,Stapler,8,2800,545.6
ORD0073,2025-09-19,West,Furniture,Chair,5,22500,3771.6
ORD0074,2025-11-21,East,Electronics,Headphones,5,12500,1477.36
ORD0075,2025-04-12,South,Electronics,Laptop,4,180000,44508.44
ORD0076,2025-11-09,North,Office Supplies,Stapler,10,3500,395.69
ORD0077,2025-12-23,West,Office Supplies,Stapler,4,1400,147.12
ORD0078,2025-12-19,North,Electronics,Keyboard,4,7200,791.29
ORD0079,2025-12-23,West,Electronics,Headphones,2,5000,787.99
ORD0080,2025-08-26,East,Office Supplies,Stapler,9,3150,490.79
ORD0081,2025-03-23,West,Office Supplies,Printer,4,60000,13366.6
ORD0082,2025-05-22,West,Furniture,Bookshelf,8,56000,5217.64
ORD0083,2025-05-27,South,Clothing,Jacket,6,21000,4868.11
ORD0084,2025-02-11,South,Furniture,Table,7,63000,12472.2
ORD0085,2025-12-28,South,Electronics,Keyboard,7,12600,1716.75
ORD0086,2025-08-27,West,Electronics,Headphones,7,17500,2558.69
ORD0087,2025-10-27,North,Office Supplies,Stapler,1,350,84.09
ORD0088,2025-06-02,West,Office Supplies,Pen Set,8,2000,234.6
ORD0089,2025-08-12,West,Electronics,Keyboard,6,10800,2092.05
ORD0090,2025-07-27,South,Office Supplies,Pen Set,10,2500,427.0
ORD0091,2025-07-21,North,Electronics,Keyboard,3,5400,1227.77
ORD0092,2025-04-04,North,Clothing,Shoes,6,16800,1948.5
ORD0093,2025-06-17,East,Office Supplies,Printer,7,105000,12903.05
ORD0094,2025-02-11,West,Electronics,Laptop,6,270000,31891.8
ORD0095,2025-02-05,North,Electronics,Headphones,4,10000,2226.69
ORD0096,2025-11-15,South,Furniture,Table,8,72000,13954.18
ORD0097,2025-10-16,South,Office Supplies,Printer,6,90000,9767.17
ORD0098,2025-11-07,North,Furniture,Bookshelf,2,14000,2497.27
ORD0099,2025-06-09,West,Office Supplies,Pen Set,2,500,90.33
ORD0100,2025-11-18,South,Electronics,Monitor,10,120000,26032.77
ORD0101,2025-10-17,North,Clothing,Shoes,6,16800,1540.94
ORD0102,2025-11-28,East,Electronics,Keyboard,8,14400,1410.36
ORD0103,2025-07-05,West,Furniture,Desk Lamp,3,6600,1351.32
ORD0104,2025-11-30,East,Office Supplies,Stapler,7,2450,539.92
ORD0105,2025-10-31,East,Clothing,Jeans,2,4400,560.64
ORD0106,2025-08-19,South,Office Supplies,Stapler,6,2100,178.25
ORD0107,2025-06-16,South,Office Supplies,Pen Set,6,1500,323.45
ORD0108,2025-06-24,East,Clothing,Shirt,9,10800,2604.64
ORD0109,2025-02-13,South,Office Supplies,Stapler,9,3150,658.0
ORD0110,2025-12-20,West,Office Supplies,Stapler,1,350,33.54
ORD0111,2025-04-24,West,Furniture,Bookshelf,10,70000,9991.34
ORD0112,2025-10-11,East,Office Supplies,Printer,6,90000,17953.68
ORD0113,2025-05-19,East,Clothing,Jeans,2,4400,891.52
ORD0114,2025-06-11,North,Furniture,Table,4,36000,7400.26
ORD0115,2025-05-22,East,Electronics,Headphones,5,12500,1483.4
ORD0116,2025-04-02,East,Electronics,Headphones,5,12500,1096.72
ORD0117,2025-01-28,East,Furniture,Desk Lamp,2,4400,1004.79
ORD0118,2025-10-21,East,Office Supplies,Stapler,8,2800,386.18
ORD0119,2025-01-27,East,Office Supplies,Notebook,2,360,53.32
ORD0120,2025-02-07,North,Furniture,Table,10,90000,21721.62
ORD0121,2025-02-13,South,Electronics,Keyboard,10,18000,3264.15
ORD0122,2025-11-13,South,Office Supplies,Stapler,8,2800,365.54
ORD0123,2025-10-29,West,Clothing,Shirt,10,12000,2918.62
ORD0124,2025-02-20,South,Furniture,Bookshelf,2,14000,1493.8
ORD0125,2025-03-30,North,Furniture,Chair,7,31500,4932.45
ORD0126,2025-11-01,West,Clothing,Shirt,4,4800,619.09
ORD0127,2025-05-25,West,Electronics,Headphones,5,12500,2674.13
ORD0128,2025-11-17,South,Office Supplies,Notebook,9,1620,191.51
ORD0129,2025-03-18,East,Furniture,Chair,1,4500,486.93
ORD0130,2025-06-07,East,Office Supplies,Notebook,8,1440,283.79
ORD0131,2025-12-25,West,Clothing,Shoes,8,22400,2098.32
ORD0132,2025-01-21,West,Clothing,Jacket,1,3500,334.34
ORD0133,2025-12-12,North,Clothing,Shirt,3,3600,575.95
ORD0134,2025-11-30,West,Clothing,Jeans,10,22000,3390.21
ORD0135,2025-09-09,North,Office Supplies,Printer,7,105000,14349.55
ORD0136,2025-12-10,North,Furniture,Bookshelf,7,49000,9698.3
ORD0137,2025-05-28,West,Electronics,Keyboard,2,3600,480.48
ORD0138,2025-06-15,North,Office Supplies,Notebook,9,1620,256.83
ORD0139,2025-01-28,South,Clothing,Shoes,8,22400,4686.04
ORD0140,2025-04-15,East,Furniture,Bookshelf,8,56000,12865.66
ORD0141,2025-09-06,North,Electronics,Headphones,3,7500,996.21
ORD0142,2025-01-08,West,Electronics,Headphones,2,5000,792.23
ORD0143,2025-03-02,South,Office Supplies,Printer,9,135000,26989.2
ORD0144,2025-08-01,West,Office Supplies,Pen Set,8,2000,347.43
ORD0145,2025-07-16,South,Furniture,Chair,5,22500,4755.48
ORD0146,2025-08-01,East,Clothing,Shirt,5,6000,1220.57
ORD0147,2025-10-28,West,Furniture,Desk Lamp,9,19800,3214.29
ORD0148,2025-06-20,West,Office Supplies,Printer,4,60000,14803.9
ORD0149,2025-05-03,West,Furniture,Desk Lamp,1,2200,295.0
ORD0150,2025-08-31,West,Office Supplies,Pen Set,8,2000,488.04
ORD0151,2025-03-06,East,Electronics,Keyboard,2,3600,609.88
ORD0152,2025-08-22,North,Furniture,Desk Lamp,3,6600,611.96
ORD0153,2025-05-16,East,Office Supplies,Notebook,6,1080,242.89
ORD0154,2025-10-01,West,Clothing,Shoes,9,25200,2169.79
ORD0155,2025-02-05,South,Clothing,Jeans,2,4400,676.61
ORD0156,2025-02-20,North,Office Supplies,Pen Set,5,1250,291.98
ORD0157,2025-01-24,East,Electronics,Monitor,6,72000,10348.05
ORD0158,2025-03-16,South,Office Supplies,Pen Set,3,750,82.32
ORD0159,2025-11-09,West,Furniture,Desk Lamp,10,22000,2295.26
ORD0160,2025-08-25,East,Office Supplies,Printer,1,15000,3492.22
ORD0161,2025-08-27,East,Furniture,Chair,8,36000,8664.84
ORD0162,2025-10-28,East,Office Supplies,Printer,8,120000,26844.2
ORD0163,2025-04-12,West,Office Supplies,Notebook,4,720,104.28
ORD0164,2025-07-03,East,Clothing,Shirt,7,8400,1063.96
ORD0165,2025-10-17,North,Office Supplies,Printer,4,60000,10992.06
ORD0166,2025-06-30,South,Furniture,Bookshelf,3,21000,3922.85
ORD0167,2025-11-18,North,Clothing,Shoes,1,2800,499.88
ORD0168,2025-03-09,North,Clothing,Jacket,7,24500,2691.54
ORD0169,2025-03-09,East,Clothing,Jeans,5,11000,2589.27
ORD0170,2025-09-04,East,Clothing,Shirt,8,9600,2339.44
ORD0171,2025-03-14,South,Office Supplies,Printer,2,30000,6432.48
ORD0172,2025-01-08,East,Electronics,Keyboard,6,10800,2099.31
ORD0173,2025-12-11,East,Office Supplies,Printer,2,30000,5841.67
ORD0174,2025-08-30,North,Clothing,Jeans,2,4400,827.28
ORD0175,2025-08-26,East,Office Supplies,Notebook,3,540,47.36
ORD0176,2025-01-20,East,Office Supplies,Notebook,2,360,43.17
ORD0177,2025-10-03,South,Office Supplies,Stapler,6,2100,407.36
ORD0178,2025-12-23,West,Furniture,Desk Lamp,2,4400,975.6
ORD0179,2025-11-12,West,Clothing,Shirt,6,7200,841.94
ORD0180,2025-08-16,South,Clothing,Shirt,6,7200,1242.43
ORD0181,2025-11-27,East,Electronics,Keyboard,5,9000,1010.41
ORD0182,2025-03-04,West,Electronics,Headphones,10,25000,6127.15
ORD0183,2025-01-26,East,Furniture,Table,10,90000,10339.65
ORD0184,2025-10-11,South,Furniture,Table,6,54000,11428.7
ORD0185,2025-11-02,North,Clothing,Jeans,3,6600,1134.12
ORD0186,2025-03-31,North,Electronics,Headphones,1,2500,352.25
ORD0187,2025-05-02,East,Electronics,Headphones,5,12500,1111.35
ORD0188,2025-08-04,North,Electronics,Keyboard,8,14400,3056.59
ORD0189,2025-09-20,North,Office Supplies,Pen Set,10,2500,218.43
ORD0190,2025-12-04,East,Office Supplies,Notebook,1,180,44.96
ORD0191,2025-07-25,West,Electronics,Keyboard,8,14400,1331.91
ORD0192,2025-02-11,East,Furniture,Chair,3,13500,1711.16
ORD0193,2025-11-21,East,Office Supplies,Printer,8,120000,19913.24
ORD0194,2025-08-09,North,Electronics,Headphones,7,17500,2743.38
ORD0195,2025-04-27,West,Clothing,Shoes,7,19600,2954.08
ORD0196,2025-02-18,East,Office Supplies,Printer,5,75000,10772.34
ORD0197,2025-03-20,West,Electronics,Laptop,2,90000,8626.42
ORD0198,2025-02-19,East,Furniture,Chair,10,45000,10918.18
ORD0199,2025-10-15,East,Electronics,Keyboard,6,10800,2467.94
ORD0200,2025-08-05,North,Clothing,Jacket,6,21000,2049.85
ORD0201,2025-09-17,South,Furniture,Desk Lamp,4,8800,1971.52
ORD0202,2025-06-29,East,Electronics,Monitor,10,120000,14213.65
ORD0203,2025-08-08,North,Clothing,Shirt,3,3600,455.24
ORD0204,2025-06-08,East,Clothing,Shirt,3,3600,820.36
ORD0205,2025-10-17,West,Electronics,Headphones,1,2500,239.0
ORD0206,2025-09-29,South,Office Supplies,Stapler,8,2800,386.27
ORD0207,2025-07-09,East,Clothing,Shirt,1,1200,127.74
ORD0208,2025-11-13,North,Electronics,Monitor,8,96000,18482.84
ORD0209,2025-09-06,West,Office Supplies,Printer,4,60000,12500.42
ORD0210,2025-02-28,East,Office Supplies,Notebook,5,900,175.77
ORD0211,2025-10-31,West,Clothing,Shirt,4,4800,706.53
ORD0212,2025-11-03,North,Electronics,Headphones,5,12500,3008.81
ORD0213,2025-03-12,East,Clothing,Jacket,2,7000,569.2
ORD0214,2025-08-09,South,Furniture,Desk Lamp,9,19800,3952.56
ORD0215,2025-09-14,East,Electronics,Keyboard,1,1800,277.48
ORD0216,2025-08-24,North,Clothing,Shoes,10,28000,4165.05
ORD0217,2025-11-24,West,Clothing,Shirt,7,8400,701.78
ORD0218,2025-06-16,South,Office Supplies,Printer,2,30000,4627.23
ORD0219,2025-02-24,South,Office Supplies,Stapler,9,3150,294.12
ORD0220,2025-06-08,East,Furniture,Bookshelf,3,21000,1952.67
ORD0221,2025-11-21,North,Furniture,Bookshelf,6,42000,8553.49
ORD0222,2025-11-27,South,Furniture,Chair,3,13500,1667.45
ORD0223,2025-03-30,South,Electronics,Headphones,8,20000,3177.44
ORD0224,2025-10-16,West,Clothing,Jacket,3,10500,1624.98
ORD0225,2025-08-29,West,Clothing,Jacket,10,35000,3134.22
ORD0226,2025-09-17,North,Clothing,Shoes,8,22400,1935.21
ORD0227,2025-07-08,East,Electronics,Laptop,10,450000,81447.11
ORD0228,2025-07-16,West,Electronics,Keyboard,10,18000,3434.62
ORD0229,2025-06-14,West,Furniture,Chair,8,36000,3513.43
ORD0230,2025-06-25,North,Furniture,Chair,4,18000,3605.32
ORD0231,2025-08-13,South,Clothing,Jacket,5,17500,2552.56
ORD0232,2025-06-23,North,Clothing,Shirt,6,7200,691.68
ORD0233,2025-12-14,West,Clothing,Jacket,10,35000,7996.01
ORD0234,2025-06-20,North,Furniture,Bookshelf,5,35000,8557.79
ORD0235,2025-12-24,West,Furniture,Chair,5,22500,3937.88
ORD0236,2025-11-26,East,Furniture,Chair,7,31500,5242.96
ORD0237,2025-01-10,East,Clothing,Jeans,4,8800,1215.23
ORD0238,2025-09-06,South,Furniture,Table,3,27000,2514.19
ORD0239,2025-02-21,North,Clothing,Jeans,10,22000,3168.93
ORD0240,2025-03-25,South,Furniture,Desk Lamp,1,2200,329.66
ORD0241,2025-12-13,South,Office Supplies,Printer,8,120000,14373.66
ORD0242,2025-05-03,East,Office Supplies,Pen Set,6,1500,292.97
ORD0243,2025-10-20,West,Office Supplies,Printer,7,105000,17376.88
ORD0244,2025-08-03,South,Furniture,Table,5,45000,3999.18
ORD0245,2025-09-04,East,Electronics,Laptop,5,225000,21208.22
ORD0246,2025-03-24,East,Office Supplies,Pen Set,7,1750,167.28
ORD0247,2025-04-24,West,Clothing,Shirt,7,8400,748.05
ORD0248,2025-09-15,East,Furniture,Desk Lamp,2,4400,632.43
ORD0249,2025-01-15,East,Electronics,Monitor,3,36000,3722.11
ORD0250,2025-05-27,West,Furniture,Desk Lamp,8,17600,3249.12
ORD0251,2025-02-10,North,Clothing,Jeans,3,6600,1143.76
ORD0252,2025-11-08,West,Electronics,Monitor,4,48000,6297.39
ORD0253,2025-01-25,South,Office Supplies,Stapler,2,700,69.19
ORD0254,2025-09-13,North,Furniture,Table,5,45000,6883.68
ORD0255,2025-11-11,East,Furniture,Desk Lamp,3,6600,1273.42
ORD0256,2025-02-13,East,Electronics,Laptop,7,315000,71966.9
ORD0257,2025-01-23,West,Clothing,Jacket,1,3500,492.47
ORD0258,2025-02-04,East,Furniture,Chair,10,45000,9224.18
ORD0259,2025-06-20,South,Electronics,Monitor,9,108000,14855.73
ORD0260,2025-11-26,South,Office Supplies,Stapler,3,1050,228.85
ORD0261,2025-02-02,West,Electronics,Monitor,4,48000,4197.46
ORD0262,2025-04-13,North,Clothing,Jacket,9,31500,4652.49
ORD0263,2025-10-06,West,Clothing,Shirt,4,4800,617.47
ORD0264,2025-01-25,East,Clothing,Shirt,6,7200,1110.83
ORD0265,2025-07-24,West,Office Supplies,Printer,3,45000,7395.95
ORD0266,2025-09-12,East,Clothing,Shirt,7,8400,784.71
ORD0267,2025-11-05,South,Clothing,Jacket,2,7000,655.28
ORD0268,2025-12-05,East,Clothing,Shoes,10,28000,5656.08
ORD0269,2025-03-27,West,Clothing,Shoes,1,2800,569.96
ORD0270,2025-06-30,West,Clothing,Shirt,2,2400,465.84
ORD0271,2025-07-27,East,Furniture,Chair,3,13500,3027.7
ORD0272,2025-12-14,West,Electronics,Headphones,2,5000,600.6
ORD0273,2025-11-27,East,Clothing,Shoes,10,28000,2394.15
ORD0274,2025-03-20,West,Clothing,Jacket,8,28000,5872.28
ORD0275,2025-10-21,South,Clothing,Shoes,6,16800,3199.15
ORD0276,2025-05-08,North,Electronics,Headphones,8,20000,3360.33
ORD0277,2025-10-15,North,Clothing,Jacket,8,28000,3261.36
ORD0278,2025-11-10,East,Office Supplies,Pen Set,2,500,51.54
ORD0279,2025-02-07,West,Furniture,Desk Lamp,2,4400,958.26
ORD0280,2025-06-13,East,Electronics,Monitor,5,60000,13483.89
ORD0281,2025-12-31,South,Clothing,Jeans,2,4400,1088.88
ORD0282,2025-03-13,South,Office Supplies,Notebook,6,1080,188.12
ORD0283,2025-07-08,West,Furniture,Chair,2,9000,1193.21
ORD0284,2025-09-03,West,Office Supplies,Notebook,3,540,132.46
ORD0285,2025-11-25,North,Office Supplies,Stapler,9,3150,436.49
ORD0286,2025-10-10,South,Furniture,Desk Lamp,9,19800,4649.46
ORD0287,2025-01-29,North,Furniture,Bookshelf,3,21000,2258.22
ORD0288,2025-12-30,South,Clothing,Jacket,2,7000,858.22
ORD0289,2025-11-22,East,Furniture,Bookshelf,10,70000,11948.39
ORD0290,2025-09-15,South,Furniture,Table,10,90000,18225.68
ORD0291,2025-11-06,East,Electronics,Laptop,2,90000,7895.57
ORD0292,2025-11-25,East,Furniture,Desk Lamp,10,22000,4149.83
ORD0293,2025-09-12,East,Clothing,Shoes,4,11200,2428.13
ORD0294,2025-12-17,West,Clothing,Shoes,2,5600,1103.56
ORD0295,2025-03-22,West,Office Supplies,Stapler,8,2800,321.11
ORD0296,2025-11-07,South,Clothing,Jacket,6,21000,5162.09
ORD0297,2025-03-08,East,Electronics,Monitor,4,48000,7646.42
ORD0298,2025-05-17,West,Furniture,Table,2,18000,1594.85
ORD0299,2025-07-16,West,Furniture,Table,6,54000,12891.84
ORD0300,2025-06-10,South,Furniture,Desk Lamp,9,19800,3155.3
ORD0301,2025-06-07,West,Electronics,Laptop,7,315000,52266.55
ORD0302,2025-05-04,South,Clothing,Shirt,1,1200,153.4
ORD0303,2025-11-02,West,Clothing,Shirt,2,2400,367.82
ORD0304,2025-05-16,East,Office Supplies,Printer,1,15000,2221.48
ORD0305,2025-10-19,South,Clothing,Jacket,2,7000,1019.76
ORD0306,2025-08-19,East,Electronics,Headphones,2,5000,734.82
ORD0307,2025-06-23,East,Furniture,Table,10,90000,14989.57
ORD0308,2025-09-14,North,Electronics,Laptop,3,135000,27176.93
ORD0309,2025-08-31,West,Furniture,Table,6,54000,12869.96
ORD0310,2025-06-13,South,Office Supplies,Printer,10,150000,20577.52
ORD0311,2025-09-18,West,Clothing,Shoes,1,2800,399.34
ORD0312,2025-12-11,North,Office Supplies,Printer,1,15000,2722.12
ORD0313,2025-05-16,South,Electronics,Keyboard,3,5400,913.25
ORD0314,2025-11-14,West,Furniture,Table,1,9000,1596.03
ORD0315,2025-12-25,North,Furniture,Chair,8,36000,4799.8
ORD0316,2025-03-19,West,Furniture,Desk Lamp,9,19800,4192.56
ORD0317,2025-08-30,North,Furniture,Table,9,81000,10955.93
ORD0318,2025-12-06,West,Office Supplies,Printer,3,45000,7116.43
ORD0319,2025-09-30,East,Clothing,Jacket,10,35000,5680.87
ORD0320,2025-05-07,East,Clothing,Jeans,5,11000,2322.1
ORD0321,2025-12-27,South,Office Supplies,Printer,8,120000,16715.58
ORD0322,2025-05-21,East,Electronics,Keyboard,7,12600,2760.96
ORD0323,2025-03-16,East,Electronics,Monitor,2,24000,3333.16
ORD0324,2025-08-15,East,Office Supplies,Pen Set,4,1000,220.75
ORD0325,2025-05-19,East,Furniture,Chair,10,45000,9267.82
ORD0326,2025-05-03,South,Electronics,Headphones,4,10000,889.23
ORD0327,2025-07-31,East,Office Supplies,Notebook,3,540,43.68
ORD0328,2025-10-09,South,Office Supplies,Stapler,8,2800,533.66
ORD0329,2025-05-28,East,Clothing,Shirt,2,2400,458.14
ORD0330,2025-04-29,North,Furniture,Desk Lamp,3,6600,1575.86
ORD0331,2025-01-19,West,Office Supplies,Pen Set,5,1250,286.31
ORD0332,2025-01-05,East,Electronics,Monitor,5,60000,9434.36
ORD0333,2025-11-25,West,Furniture,Desk Lamp,5,11000,1240.56
ORD0334,2025-02-27,East,Furniture,Desk Lamp,5,11000,2223.78
ORD0335,2025-01-08,East,Clothing,Jeans,3,6600,1213.49
ORD0336,2025-11-24,West,Office Supplies,Printer,2,30000,4444.25
ORD0337,2025-02-18,South,Furniture,Desk Lamp,6,13200,3155.99
ORD0338,2025-01-04,East,Office Supplies,Pen Set,8,2000,416.28
ORD0339,2025-06-18,East,Electronics,Monitor,6,72000,14239.49
ORD0340,2025-02-01,North,Office Supplies,Printer,3,45000,6701.44
ORD0341,2025-09-15,East,Electronics,Monitor,6,72000,13283.02
ORD0342,2025-04-23,South,Office Supplies,Pen Set,8,2000,414.23
ORD0343,2025-11-07,East,Office Supplies,Stapler,9,3150,681.47
ORD0344,2025-04-22,South,Electronics,Keyboard,9,16200,3234.17
ORD0345,2025-02-09,North,Electronics,Headphones,10,25000,4280.81
ORD0346,2025-03-26,East,Office Supplies,Notebook,4,720,145.35
ORD0347,2025-09-08,North,Office Supplies,Notebook,8,1440,147.5
ORD0348,2025-08-01,West,Electronics,Keyboard,5,9000,1826.62
ORD0349,2025-07-22,East,Electronics,Headphones,10,25000,2310.38
ORD0350,2025-08-05,East,Electronics,Laptop,2,90000,22287.9
ORD0351,2025-08-30,North,Clothing,Shoes,3,8400,1770.09
ORD0352,2025-11-25,West,Clothing,Shoes,8,22400,5103.51
ORD0353,2025-07-13,West,Electronics,Headphones,6,15000,1502.51
ORD0354,2025-10-03,West,Furniture,Table,1,9000,1876.95
ORD0355,2025-06-02,West,Office Supplies,Stapler,4,1400,170.91
ORD0356,2025-06-27,South,Clothing,Jeans,2,4400,376.1
ORD0357,2025-12-05,West,Electronics,Headphones,4,10000,914.39
ORD0358,2025-11-01,North,Office Supplies,Notebook,4,720,148.24
ORD0359,2025-07-25,West,Furniture,Table,1,9000,934.41
ORD0360,2025-05-29,South,Clothing,Jacket,4,14000,1838.2
ORD0361,2025-03-15,South,Office Supplies,Printer,5,75000,6777.21
ORD0362,2025-10-30,South,Office Supplies,Stapler,1,350,85.85
ORD0363,2025-11-26,West,Clothing,Shoes,7,19600,2065.19
ORD0364,2025-07-12,South,Office Supplies,Pen Set,4,1000,131.13
ORD0365,2025-12-29,South,Office Supplies,Notebook,9,1620,243.25
ORD0366,2025-08-02,South,Office Supplies,Pen Set,5,1250,143.21
ORD0367,2025-11-28,North,Office Supplies,Printer,2,30000,5131.74
ORD0368,2025-04-08,North,Clothing,Shoes,10,28000,5109.91
ORD0369,2025-02-07,South,Furniture,Desk Lamp,4,8800,2004.73
ORD0370,2025-06-20,East,Electronics,Headphones,4,10000,2435.53
ORD0371,2025-03-02,West,Furniture,Table,7,63000,14841.0
ORD0372,2025-10-10,East,Clothing,Shoes,8,22400,3824.14
ORD0373,2025-07-03,East,Clothing,Jacket,9,31500,7247.46
ORD0374,2025-08-27,North,Office Supplies,Printer,4,60000,8581.19
ORD0375,2025-07-31,North,Furniture,Table,1,9000,1118.98
ORD0376,2025-10-27,West,Clothing,Jeans,4,8800,1197.48
ORD0377,2025-07-14,South,Office Supplies,Printer,5,75000,15732.85
ORD0378,2025-09-08,West,Office Supplies,Pen Set,6,1500,163.16
ORD0379,2025-10-07,West,Furniture,Chair,9,40500,3472.88
ORD0380,2025-02-08,North,Electronics,Keyboard,3,5400,1205.46
ORD0381,2025-04-29,North,Furniture,Chair,4,18000,2987.54
ORD0382,2025-07-11,North,Office Supplies,Stapler,1,350,28.39
ORD0383,2025-10-10,West,Electronics,Laptop,9,405000,82122.97
ORD0384,2025-10-02,East,Electronics,Keyboard,3,5400,530.24
ORD0385,2025-02-19,South,Furniture,Table,10,90000,15254.78
ORD0386,2025-07-01,East,Office Supplies,Notebook,6,1080,262.53
ORD0387,2025-08-24,South,Furniture,Bookshelf,2,14000,2675.89
ORD0388,2025-11-29,North,Electronics,Keyboard,7,12600,1815.9
ORD0389,2025-09-01,North,Electronics,Headphones,2,5000,824.88
ORD0390,2025-08-11,East,Electronics,Laptop,4,180000,20869.36
ORD0391,2025-12-21,West,Clothing,Shirt,2,2400,471.25
ORD0392,2025-05-24,North,Furniture,Bookshelf,1,7000,1704.15
ORD0393,2025-10-28,South,Office Supplies,Notebook,5,900,96.85
ORD0394,2025-05-04,West,Clothing,Shoes,3,8400,1800.83
ORD0395,2025-12-19,North,Clothing,Shirt,2,2400,370.33
ORD0396,2025-02-08,East,Office Supplies,Printer,1,15000,2817.01
ORD0397,2025-08-19,West,Furniture,Bookshelf,9,63000,15119.64
ORD0398,2025-08-10,South,Office Supplies,Notebook,10,1800,234.39
ORD0399,2025-05-07,North,Electronics,Monitor,3,36000,5205.6
ORD0400,2025-11-21,South,Office Supplies,Printer,6,90000,8830.23
ORD0401,2025-01-03,East,Office Supplies,Printer,5,75000,7303.45
ORD0402,2025-02-14,South,Office Supplies,Stapler,9,3150,549.06
ORD0403,2025-07-28,North,Electronics,Laptop,6,270000,47038.69
ORD0404,2025-11-02,East,Office Supplies,Notebook,5,900,135.31
ORD0405,2025-02-13,South,Furniture,Desk Lamp,3,6600,683.78
ORD0406,2025-06-04,East,Office Supplies,Pen Set,2,500,54.21
ORD0407,2025-05-22,West,Clothing,Shoes,2,5600,791.79
ORD0408,2025-05-07,West,Furniture,Desk Lamp,2,4400,453.35
ORD0409,2025-01-04,West,Clothing,Shoes,6,16800,2601.28
ORD0410,2025-08-09,South,Clothing,Jacket,10,35000,8436.31
ORD0411,2025-04-13,West,Clothing,Jeans,7,15400,3768.12
ORD0412,2025-05-30,West,Furniture,Bookshelf,7,49000,6254.9
ORD0413,2025-07-21,East,Electronics,Headphones,10,25000,6238.38
ORD0414,2025-04-03,North,Office Supplies,Pen Set,8,2000,431.21
ORD0415,2025-12-21,North,Office Supplies,Stapler,3,1050,197.05
ORD0416,2025-05-04,East,Furniture,Desk Lamp,7,15400,1425.64
ORD0417,2025-11-03,West,Office Supplies,Stapler,9,3150,271.69
ORD0418,2025-07-04,North,Electronics,Headphones,6,15000,1624.16
ORD0419,2025-11-10,North,Office Supplies,Printer,7,105000,10291.11
ORD0420,2025-02-20,East,Furniture,Table,8,72000,10339.22
ORD0421,2025-08-26,South,Clothing,Shirt,8,9600,938.62
ORD0422,2025-08-01,North,Electronics,Headphones,6,15000,1995.32
ORD0423,2025-08-22,South,Office Supplies,Printer,8,120000,11591.51
ORD0424,2025-12-23,West,Clothing,Shirt,5,6000,525.58
ORD0425,2025-12-30,North,Electronics,Monitor,2,24000,4682.73
ORD0426,2025-03-26,South,Furniture,Table,6,54000,9459.41
ORD0427,2025-08-25,South,Office Supplies,Pen Set,3,750,141.66
ORD0428,2025-08-10,West,Electronics,Headphones,8,20000,3613.49
ORD0429,2025-07-19,North,Furniture,Table,5,45000,9355.29
ORD0430,2025-02-02,North,Furniture,Bookshelf,6,42000,4767.11
ORD0431,2025-02-28,East,Office Supplies,Printer,10,150000,21910.3
ORD0432,2025-07-20,North,Clothing,Jacket,8,28000,5178.65
ORD0433,2025-12-11,East,Electronics,Headphones,6,15000,1500.55
ORD0434,2025-06-06,North,Furniture,Bookshelf,3,21000,3503.64
ORD0435,2025-08-03,South,Office Supplies,Stapler,3,1050,170.87
ORD0436,2025-10-03,South,Furniture,Desk Lamp,5,11000,1142.35
ORD0437,2025-06-11,West,Electronics,Monitor,1,12000,1948.6
ORD0438,2025-04-10,West,Office Supplies,Stapler,8,2800,421.84
ORD0439,2025-08-16,West,Furniture,Chair,10,45000,3836.08
ORD0440,2025-04-23,East,Electronics,Monitor,4,48000,8226.89
ORD0441,2025-03-28,West,Office Supplies,Notebook,10,1800,178.95
ORD0442,2025-10-06,East,Electronics,Keyboard,9,16200,1897.86
ORD0443,2025-08-06,North,Furniture,Bookshelf,1,7000,1095.18
ORD0444,2025-06-28,North,Office Supplies,Notebook,4,720,83.29
ORD0445,2025-10-29,East,Office Supplies,Pen Set,10,2500,259.17
ORD0446,2025-04-16,South,Electronics,Monitor,9,108000,13800.72
ORD0447,2025-10-03,South,Clothing,Jacket,5,17500,3103.89
ORD0448,2025-09-21,North,Furniture,Desk Lamp,1,2200,547.19
ORD0449,2025-12-02,South,Furniture,Table,3,27000,5425.3
ORD0450,2025-05-07,West,Office Supplies,Pen Set,10,2500,468.77
ORD0451,2025-11-18,West,Office Supplies,Stapler,2,700,131.4
ORD0452,2025-02-17,West,Clothing,Jacket,8,28000,6763.21
ORD0453,2025-06-17,North,Electronics,Keyboard,6,10800,2424.8
ORD0454,2025-10-01,West,Furniture,Desk Lamp,4,8800,1444.09
ORD0455,2025-06-15,East,Clothing,Jeans,10,22000,4948.06
ORD0456,2025-06-25,North,Electronics,Laptop,8,360000,29796.42
ORD0457,2025-03-22,West,Office Supplies,Notebook,7,1260,144.14
ORD0458,2025-12-19,South,Clothing,Jeans,5,11000,1054.55
ORD0459,2025-07-04,East,Electronics,Monitor,3,36000,3196.94
ORD0460,2025-11-17,East,Furniture,Desk Lamp,2,4400,878.37
ORD0461,2025-01-01,South,Office Supplies,Notebook,3,540,97.7
ORD0462,2025-09-23,West,Electronics,Laptop,6,270000,59105.3
ORD0463,2025-08-05,South,Office Supplies,Notebook,4,720,104.49
ORD0464,2025-02-22,North,Clothing,Jacket,5,17500,1807.96
ORD0465,2025-03-10,South,Electronics,Laptop,10,450000,85726.55
ORD0466,2025-08-14,East,Furniture,Table,7,63000,11638.17
ORD0467,2025-08-15,South,Electronics,Laptop,3,135000,28068.63
ORD0468,2025-10-29,West,Clothing,Shoes,6,16800,3603.31
ORD0469,2025-05-07,East,Electronics,Headphones,9,22500,4098.82
ORD0470,2025-11-08,East,Electronics,Monitor,4,48000,8064.83
ORD0471,2025-09-18,South,Office Supplies,Printer,1,15000,3198.69
ORD0472,2025-05-03,West,Office Supplies,Notebook,4,720,118.75
ORD0473,2025-11-01,North,Electronics,Monitor,6,72000,7375.47
ORD0474,2025-10-19,West,Clothing,Jeans,8,17600,4263.72
ORD0475,2025-02-07,North,Electronics,Laptop,5,225000,26252.17
ORD0476,2025-01-31,West,Clothing,Shoes,7,19600,3906.43
ORD0477,2025-02-12,South,Clothing,Shirt,5,6000,560.6
ORD0478,2025-04-15,South,Clothing,Shoes,10,28000,5259.24
ORD0479,2025-11-29,North,Clothing,Shoes,4,11200,1006.25
ORD0480,2025-02-14,West,Electronics,Keyboard,10,18000,3303.03
ORD0481,2025-06-08,South,Electronics,Laptop,3,135000,26899.42
ORD0482,2025-03-25,West,Clothing,Jacket,3,10500,1503.79
ORD0483,2025-05-18,North,Electronics,Monitor,7,84000,10603.88
ORD0484,2025-02-02,East,Electronics,Keyboard,8,14400,2402.39
ORD0485,2025-01-29,West,Furniture,Bookshelf,3,21000,2590.76
ORD0486,2025-02-22,North,Furniture,Chair,1,4500,1016.9
ORD0487,2025-01-07,South,Electronics,Keyboard,6,10800,1567.15
ORD0488,2025-03-18,South,Electronics,Keyboard,4,7200,969.89
ORD0489,2025-08-02,East,Clothing,Shirt,10,12000,1720.53
ORD0490,2025-09-15,North,Furniture,Table,9,81000,19994.07
ORD0491,2025-07-25,North,Office Supplies,Printer,5,75000,10173.09
ORD0492,2025-10-11,West,Electronics,Monitor,4,48000,6219.42
ORD0493,2025-06-05,South,Office Supplies,Printer,10,150000,36782.37
ORD0494,2025-04-11,South,Furniture,Chair,7,31500,2648.04
ORD0495,2025-10-05,East,Electronics,Monitor,1,12000,2508.22
ORD0496,2025-07-12,East,Electronics,Headphones,9,22500,5560.42
ORD0497,2025-08-03,West,Electronics,Headphones,5,12500,1197.68
ORD0498,2025-04-29,West,Clothing,Shoes,2,5600,1000.89
ORD0499,2025-09-16,South,Office Supplies,Notebook,10,1800,317.75
ORD0500,2025-08-11,South,Furniture,Bookshelf,5,35000,7862.94
